Artista,Seguidores,Popularidad,Genero_Principal
Eslabon Armado,0,0,Otros
Olivia Rodrigo,0,0,Otros
Feid,0,0,Otros
Luigi 21 Plus,0,0,Otros
Andrés Cepeda,0,0,Otros
Natanael Cano,0,0,Otros
SAI,0,0,Otros
Carlos Vives,0,0,Otros
Peso Pluma,0,0,Otros
Luis Alfonso,0,0,Otros
Fuerza Regida,0,0,Otros
Junior H,0,0,Otros
Morat,0,0,Otros
Jamby El Favo,0,0,Otros
Don Omar,0,0,Otros
Tito Double P,0,0,Otros
Plan B,0,0,Otros
Blessd,0,0,Otros
Yeison Jimenez,0,0,Otros
Doble Porcion,0,0,Otros
Bad Bunny,0,0,Otros
Dei V,0,0,Otros
Caracol Televisión,0,0,Otros
Bryant Myers,0,0,Otros
KEVIN ROLDAN,0,0,Otros
Fonseca,0,0,Otros
Mon Laferte,0,0,Otros
Ñejo,0,0,Otros
Julieta Venegas,0,0,Otros
Maná,0,0,Otros
Ñengo Flow,0,0,Otros
Maluma,0,0,Otros
Ryan Castro,0,0,Otros
Dalmata,0,0,Otros
Fumaratto,0,0,Otros
Amanda Miguel,0,0,Otros
Doja Cat,0,0,Otros
Arcángel,0,0,Otros
Romeo Santos,0,0,Otros
Kali Uchis,0,0,Otros
Marcos Rodriguez,0,0,Otros
Alex Gargolas,0,0,Otros
Oscar Maydon,0,0,Otros
Yan Block,0,0,Otros
Juanes,0,0,Otros
Ñejo & Dalmata,0,0,Otros
Reik,0,0,Otros
J Balvin,0,0,Otros
Miranda!,0,0,Otros
Rayo & Toby,0,0,Otros
