Artista,Popularidad,Seguidores,Géneros,Vibe
Eslabon Armado,0,0,,Nicho / Indie 💎
Olivia Rodrigo,0,0,,Nicho / Indie 💎
Feid,0,0,,Nicho / Indie 💎
Luigi 21 Plus,0,0,,Nicho / Indie 💎
Andrés Cepeda,0,0,,Nicho / Indie 💎
Natanael Cano,0,0,,Nicho / Indie 💎
SAI,0,0,,Nicho / Indie 💎
Carlos Vives,0,0,,Nicho / Indie 💎
Peso Pluma,0,0,,Nicho / Indie 💎
Luis Alfonso,0,0,,Nicho / Indie 💎
Fuerza Regida,0,0,,Nicho / Indie 💎
Junior H,0,0,,Nicho / Indie 💎
Morat,0,0,,Nicho / Indie 💎
Jamby El Favo,0,0,,Nicho / Indie 💎
Don Omar,0,0,,Nicho / Indie 💎
Tito Double P,0,0,,Nicho / Indie 💎
Plan B,0,0,,Nicho / Indie 💎
Blessd,0,0,,Nicho / Indie 💎
Yeison Jimenez,0,0,,Nicho / Indie 💎
Doble Porcion,0,0,,Nicho / Indie 💎
Bad Bunny,0,0,,Nicho / Indie 💎
Dei V,0,0,,Nicho / Indie 💎
Caracol Televisión,0,0,,Nicho / Indie 💎
Bryant Myers,0,0,,Nicho / Indie 💎
KEVIN ROLDAN,0,0,,Nicho / Indie 💎
Fonseca,0,0,,Nicho / Indie 💎
Mon Laferte,0,0,,Nicho / Indie 💎
Ñejo,0,0,,Nicho / Indie 💎
Julieta Venegas,0,0,,Nicho / Indie 💎
Maná,0,0,,Nicho / Indie 💎
Ñengo Flow,0,0,,Nicho / Indie 💎
Maluma,0,0,,Nicho / Indie 💎
Ryan Castro,0,0,,Nicho / Indie 💎
Dalmata,0,0,,Nicho / Indie 💎
Fumaratto,0,0,,Nicho / Indie 💎
Amanda Miguel,0,0,,Nicho / Indie 💎
Doja Cat,0,0,,Nicho / Indie 💎
Arcángel,0,0,,Nicho / Indie 💎
Romeo Santos,0,0,,Nicho / Indie 💎
Kali Uchis,0,0,,Nicho / Indie 💎
Marcos Rodriguez,0,0,,Nicho / Indie 💎
Alex Gargolas,0,0,,Nicho / Indie 💎
Oscar Maydon,0,0,,Nicho / Indie 💎
Yan Block,0,0,,Nicho / Indie 💎
Juanes,0,0,,Nicho / Indie 💎
Ñejo & Dalmata,0,0,,Nicho / Indie 💎
Reik,0,0,,Nicho / Indie 💎
J Balvin,0,0,,Nicho / Indie 💎
Miranda!,0,0,,Nicho / Indie 💎
Rayo & Toby,0,0,,Nicho / Indie 💎
