Canción,Artista,Álbum,Popularidad,Vibe
Insane Witch (Afro House),DJ DANNYBOY Tv,Insane Witch (Afro House),0,Nicho / Indie 💎
ME PROVOCAS,Fumaratto,ORIGENES,0,Nicho / Indie 💎
Si Fueras Mi Enemigo - Balada Pop,Andrés Cepeda,Para Amarte Mejor,0,Nicho / Indie 💎
Tu Sin Mi,Dread Mar I,Vivi En Do,0,Nicho / Indie 💎
Tekk Стиль 175,Russian Village Boys,Donk Chose Us,0,Nicho / Indie 💎
Luna,Alex Gargolas,"Alex Gárgolas Presenta: Las Gárgolas,Vol.4",0,Nicho / Indie 💎
A Esa,Pimpinela,Hermanos,0,Nicho / Indie 💎
Sin Sentimientos,SAI,Sin Sentimientos,0,Nicho / Indie 💎
Perfecta,Miranda!,El Templo del Pop,0,Nicho / Indie 💎
Me enamore de una prepa,Coverss,Me enamore de una prepa,0,Nicho / Indie 💎
Tu Falta De Querer,Mon Laferte,Mon Laferte (Vol. 1),0,Nicho / Indie 💎
Caso,Felo Blonck,Caso,0,Nicho / Indie 💎
Mi Buen Amor,Mon Laferte,La Trenza,0,Nicho / Indie 💎
La Morocha,Luck Ra,QUE NOS FALTE TODO,0,Nicho / Indie 💎
Beligerante,Caracol Televisión,La Reina del Flow (Banda Sonora Original de la Serie de Televisión),0,Nicho / Indie 💎
Cuánto Vale - En Vivo,Luis Alfonso,La Terraza (En Vivo),0,Nicho / Indie 💎
Fronteo,Plan B,Love and Sex,0,Nicho / Indie 💎
Mujeres Talentosas,Luigi 21 Plus,#Tbt,0,Nicho / Indie 💎
Así No Te Amará Jamás,Amanda Miguel,El Sonido Vol. 1,0,Nicho / Indie 💎
Blue Zone,Don Omar,iDon,0,Nicho / Indie 💎
Fruta Fresca,Carlos Vives,El Amor De Mi Tierra,0,Nicho / Indie 💎
Mi Historia Entre Tus Dedos,Eslabon Armado,Corta Venas,0,Nicho / Indie 💎
Impacto,Enjambre,El Segundo Es Felino,0,Nicho / Indie 💎
Lamento Boliviano,Los Enanitos Verdes,Big Bang,0,Nicho / Indie 💎
Olvídame y Pega la Vuelta,Pimpinela,Pimpinela,0,Nicho / Indie 💎
La flaca,Jarabe De Palo,La Flaca,0,Nicho / Indie 💎
Who Loves The Sun,Jo.Ke,We Love The Sun,0,Nicho / Indie 💎
CHARPI,KEVIN ROLDAN,CHARPI,0,Nicho / Indie 💎
Pa' Que Mentir,The Secret Panda,Pa' Que Mentir,0,Nicho / Indie 💎
Mil Horas,Los Abuelos De La Nada,Vasos Y Besos,0,Nicho / Indie 💎
Él Me Mintió,Amanda Miguel,El Sonido Vol. 1,0,Nicho / Indie 💎
Ella Baila Sola,Eslabon Armado,DESVELADO,0,Nicho / Indie 💎
DIOMEDEZ,Blessd,DIOMEDEZ,0,Nicho / Indie 💎
Rosas,La Oreja de Van Gogh,Lo Que Te Conte Mientras Te Hacias La Dormida,0,Nicho / Indie 💎
Devuélveme a mi chica,Hombres G,Hombres G (Edición 30 Aniversario),0,Nicho / Indie 💎
Need to Know,Doja Cat,Planet Her,0,Nicho / Indie 💎
Ya Te Olvidé,Yuridia,Para Mí,0,Nicho / Indie 💎
Daga Adicta,Luigi 21 Plus,El Patán,0,Nicho / Indie 💎
Peligrosamente Bellas,Mercedes Lambre,Violetta - Hoje Somos Mais,0,Nicho / Indie 💎
Obligao,Luigi 21 Plus,El Patán,0,Nicho / Indie 💎
Día Tras Día,Andrés Cepeda,Día Tras Día,0,Nicho / Indie 💎
Eres Mi Sueño - Versión Radio Edit,Fonseca,Ilusión,0,Nicho / Indie 💎
Por el 305,Jamby El Favo,Por el 305,0,Nicho / Indie 💎
Embrujo,Andrés Cepeda,Se Morir,0,Nicho / Indie 💎
,,CLUB BIZARRE (HARDTEKK),0,Nicho / Indie 💎
Wizard of Love - Radio Edit,BLOND:ISH,Wizard of Love,0,Nicho / Indie 💎
A Dios Le Pido,Juanes,Un Día Normal,0,Nicho / Indie 💎
Te Mando Flores,Fonseca,Corazón,0,Nicho / Indie 💎
Besos Usados,Andrés Cepeda,Día Tras Día,0,Nicho / Indie 💎
Normal,Feid,FELIZ CUMPLEAÑOS FERXXO TE PIRATEAMOS EL ÁLBUM,0,Nicho / Indie 💎
